,Word_Index,Unique_Word,Idf_Score
226,0,absolut,7.215607598755275
970,1,absolutley,5.711530201979001
126,2,accid,7.215607598755275
553,3,accommod,5.200704578213011
1147,4,accomod,6.29931686688112
638,5,accordingli,5.711530201979001
931,6,account,7.215607598755275
877,7,ach,5.962844630259907
1017,8,acknowledg,6.29931686688112
968,9,across,6.810142490647111
413,10,actual,7.215607598755275
374,11,ad,7.215607598755275
1329,12,afford,7.215607598755275
389,13,afternoon,7.215607598755275
520,14,ago,7.215607598755275
34,15,ahead,7.215607598755275
1069,16,airlin,7.215607598755275
1292,17,airport,4.96431580014878
1529,18,ala,6.29931686688112
1440,19,albondiga,6.810142490647111
1452,20,allergi,7.215607598755275
985,21,almond,6.810142490647111
702,22,almost,6.810142490647111
75,23,alon,5.343805421853684
81,24,also,6.810142490647111
411,25,although,6.810142490647111
262,26,alway,7.215607598755275
80,27,amaz,7.215607598755275
443,28,ambianc,6.810142490647111
391,29,ambienc,7.215607598755275
235,30,amount,6.52246041819533
142,31,ampl,6.810142490647111
905,32,andddd,6.810142490647111
21,33,angri,7.215607598755275
671,34,annoy,6.52246041819533
377,35,anoth,7.215607598755275
1466,36,anticip,7.215607598755275
1448,37,anymor,7.215607598755275
906,38,anyon,7.215607598755275
1295,39,anyth,5.075541435259004
992,40,anytim,7.215607598755275
979,41,anyway,6.52246041819533
680,42,apart,5.711530201979001
1087,43,apolog,6.810142490647111
848,44,app,7.215607598755275
298,45,appal,7.215607598755275
269,46,appar,7.215607598755275
1414,47,appeal,6.52246041819533
253,48,appet,7.215607598755275
1559,49,appetit,6.52246041819533
1280,50,appl,5.711530201979001
1423,51,approv,6.116995310087166
535,52,area,7.215607598755275
1319,53,arepa,7.215607598755275
912,54,aria,4.650658241293739
112,55,around,7.215607598755275
1303,56,array,6.52246041819533
365,57,arriv,7.215607598755275
1396,58,articl,3.9197707327509463
96,59,ask,6.52246041819533
942,60,assur,7.215607598755275
477,61,ate,7.215607598755275
407,62,atmospher,7.215607598755275
788,63,atroci,7.215607598755275
1047,64,attach,7.215607598755275
223,65,attack,6.810142490647111
174,66,attent,6.810142490647111
213,67,attitud,6.810142490647111
1246,68,auju,6.52246041819533
837,69,authent,5.343805421853684
1206,70,averag,7.215607598755275
541,71,avocado,7.215607598755275
529,72,avoid,7.215607598755275
1392,73,aw,7.215607598755275
430,74,away,7.215607598755275
1049,75,awesom,6.29931686688112
971,76,awkward,7.215607598755275
1299,77,awkwardli,5.829313237635384
707,78,ayc,6.116995310087166
1013,79,az,7.215607598755275
1222,80,baba,7.215607598755275
1119,81,babi,6.810142490647111
761,82,bachi,7.215607598755275
44,83,back,7.215607598755275
537,84,bacon,6.29931686688112
186,85,bad,7.215607598755275
460,86,bagel,6.810142490647111
523,87,bakeri,6.116995310087166
1220,88,baklava,7.215607598755275
880,89,ball,6.810142490647111
479,90,bamboo,7.215607598755275
241,91,banana,7.215607598755275
11,92,bank,6.810142490647111
471,93,bar,6.810142490647111
1284,94,bare,5.711530201979001
661,95,bargain,6.52246041819533
390,96,bartend,6.52246041819533
712,97,base,6.810142490647111
845,98,basebal,7.215607598755275
800,99,basic,5.6061696863211745
1482,100,batch,7.215607598755275
487,101,bathroom,7.215607598755275
272,102,batter,6.810142490647111
503,103,bay,6.52246041819533
805,104,bbq,7.215607598755275
888,105,bean,7.215607598755275
383,106,beat,6.810142490647111
623,107,beateou,6.52246041819533
85,108,beauti,5.018383021419056
946,109,becom,7.215607598755275
188,110,beef,7.215607598755275
120,111,beer,6.810142490647111
1298,112,begin,6.810142490647111
179,113,behind,6.810142490647111
1121,114,believ,7.215607598755275
1465,115,bellagio,6.810142490647111
447,116,belli,5.4238481295272205
1428,117,besid,7.215607598755275
360,118,best,7.215607598755275
387,119,better,6.810142490647111
280,120,beyond,7.215607598755275
986,121,big,6.52246041819533
1551,122,bigger,7.215607598755275
1488,123,biggest,7.215607598755275
1029,124,bill,7.215607598755275
1523,125,bing,6.810142490647111
955,126,bird,7.215607598755275
969,127,biscuit,7.215607598755275
646,128,bisqu,6.810142490647111
414,129,bit,6.116995310087166
437,130,bitch,5.962844630259907
131,131,bite,6.29931686688112
818,132,black,6.52246041819533
78,133,blah,7.215607598755275
1531,134,blame,7.215607598755275
326,135,bland,7.215607598755275
417,136,blandest,6.52246041819533
481,137,blanket,7.215607598755275
1325,138,block,7.215607598755275
379,139,bloddi,7.215607598755275
1174,140,bloodi,5.018383021419056
1446,141,bloodiest,7.215607598755275
124,142,blow,6.52246041819533
1383,143,blown,5.018383021419056
1188,144,blue,7.215607598755275
753,145,boba,5.4238481295272205
655,146,bode,7.215607598755275
1035,147,boil,6.52246041819533
372,148,bone,5.6061696863211745
1214,149,book,3.4428466606606367
422,150,boot,7.215607598755275
784,151,bore,7.215607598755275
1335,152,bother,7.215607598755275
234,153,bottom,6.116995310087166
930,154,bouchon,7.215607598755275
1469,155,bought,7.215607598755275
601,156,bowl,7.215607598755275
783,157,box,7.215607598755275
799,158,boy,6.810142490647111
1108,159,boyfriend,6.116995310087166
586,160,bread,7.215607598755275
317,161,break,7.215607598755275
361,162,breakfast,7.215607598755275
1248,163,breez,5.962844630259907
846,164,brick,6.810142490647111
916,165,bring,7.215607598755275
1504,166,brisket,6.29931686688112
1362,167,brother,5.4238481295272205
94,168,brought,5.962844630259907
1545,169,brownish,4.507557397653065
612,170,brunch,6.29931686688112
1372,171,bruschetta,5.51085950651685
1554,172,brushfir,7.215607598755275
798,173,bu,7.215607598755275
737,174,buck,7.215607598755275
305,175,buffet,6.810142490647111
624,176,bug,6.810142490647111
703,177,build,5.6061696863211745
937,178,buldogi,7.215607598755275
1053,179,bunch,7.215607598755275
119,180,burger,5.075541435259004
763,181,burn,6.810142490647111
77,182,burritto,7.215607598755275
403,183,busi,6.810142490647111
647,184,bussel,6.52246041819533
587,185,butter,7.215607598755275
867,186,buy,5.075541435259004
362,187,bye,6.52246041819533
1398,188,caballero,6.52246041819533
1192,189,caesar,7.215607598755275
1156,190,caf,6.29931686688112
367,191,cafe,7.215607598755275
90,192,cake,7.215607598755275
1493,193,calamari,5.829313237635384
1055,194,call,7.215607598755275
1294,195,calligraphi,7.215607598755275
149,196,came,7.215607598755275
1024,197,camelback,7.215607598755275
1091,198,cannoli,7.215607598755275
382,199,cannot,7.215607598755275
747,200,cant,7.215607598755275
54,201,cape,7.215607598755275
464,202,caper,5.343805421853684
898,203,car,7.215607598755275
1524,204,carb,7.215607598755275
46,205,care,7.215607598755275
1015,206,carli,7.215607598755275
1104,207,carpaccio,6.810142490647111
1530,208,cart,7.215607598755275
1026,209,cartel,6.52246041819533
1348,210,case,5.269697449699962
68,211,cash,7.215607598755275
1510,212,cashew,7.215607598755275
45,213,cashier,7.215607598755275
357,214,casino,7.215607598755275
1558,215,caterpillar,7.215607598755275
557,216,caught,4.576550269140016
1541,217,caus,7.215607598755275
1039,218,cavier,7.215607598755275
995,219,certainli,7.215607598755275
1450,220,chai,7.215607598755275
1353,221,chain,7.215607598755275
490,222,chang,7.215607598755275
203,223,char,6.810142490647111
569,224,charcoal,7.215607598755275
733,225,charg,7.215607598755275
790,226,charm,6.52246041819533
1137,227,cheap,7.215607598755275
306,228,cheat,7.215607598755275
406,229,check,7.215607598755275
1173,230,cheek,7.215607598755275
462,231,chees,5.6061696863211745
676,232,cheeseburg,5.962844630259907
1075,233,cheesecurd,7.215607598755275
674,234,chef,7.215607598755275
274,235,chewi,6.52246041819533
57,236,chicken,6.116995310087166
1288,237,chines,5.6061696863211745
589,238,chip,7.215607598755275
1512,239,chipolt,7.215607598755275
842,240,chipotl,5.962844630259907
288,241,chocol,6.810142490647111
1094,242,choos,5.6061696863211745
1010,243,choux,7.215607598755275
210,244,chow,7.215607598755275
1485,245,christma,6.116995310087166
1261,246,cibo,6.29931686688112
1544,247,circumst,5.51085950651685
1028,248,claim,3.217406897086077
1425,249,class,7.215607598755275
843,250,classi,7.215607598755275
1271,251,classic,6.810142490647111
488,252,clean,6.810142490647111
627,253,climb,7.215607598755275
705,254,close,6.810142490647111
1345,255,club,7.215607598755275
1454,256,clue,7.215607598755275
254,257,cocktail,6.116995310087166
1410,258,coconut,7.215607598755275
55,259,cod,5.711530201979001
743,260,coffe,7.215607598755275
658,261,cold,7.215607598755275
1349,262,colder,6.116995310087166
1424,263,colleg,5.018383021419056
1152,264,color,7.215607598755275
983,265,combin,7.215607598755275
118,266,combo,4.507557397653065
310,267,come,7.215607598755275
884,268,comfort,7.215607598755275
294,269,common,7.215607598755275
309,270,compani,7.215607598755275
949,271,companion,6.810142490647111
1296,272,complain,6.810142490647111
723,273,complaint,7.215607598755275
945,274,complet,7.215607598755275
1273,275,compliment,7.215607598755275
1519,276,con,7.215607598755275
1476,277,concept,6.810142490647111
1457,278,concern,7.215607598755275
1056,279,conclus,7.215607598755275
920,280,condiment,6.52246041819533
962,281,connisseur,7.215607598755275
994,282,connoisseur,7.215607598755275
491,283,consid,5.829313237635384
1379,284,consist,7.215607598755275
1210,285,construct,5.829313237635384
996,286,contain,6.116995310087166
904,287,continu,5.6061696863211745
771,288,conveni,5.962844630259907
189,289,cook,7.215607598755275
864,290,cool,7.215607598755275
622,291,corn,7.215607598755275
786,292,corpor,7.215607598755275
1468,293,correct,4.773260563386071
530,294,cost,7.215607598755275
1429,295,costco,7.215607598755275
1236,296,cotta,6.810142490647111
31,297,could,7.215607598755275
782,298,count,6.810142490647111
684,299,coupl,6.810142490647111
828,300,coupon,6.810142490647111
653,301,cours,7.215607598755275
1359,302,court,6.810142490647111
1225,303,courteou,7.215607598755275
485,304,cover,6.29931686688112
973,305,cow,6.810142490647111
563,306,cozi,7.215607598755275
1389,307,cr,6.116995310087166
1036,308,crab,5.962844630259907
1387,309,cram,7.215607598755275
58,310,cranberri,7.215607598755275
874,311,crave,6.52246041819533
1061,312,crawfish,4.91302250576123
1356,313,crazi,6.116995310087166
461,314,cream,4.541458949328746
720,315,creami,7.215607598755275
1155,316,crema,7.215607598755275
583,317,crepe,6.810142490647111
1162,318,crisp,7.215607598755275
454,319,crispi,6.52246041819533
507,320,crostini,7.215607598755275
1154,321,crouton,7.215607598755275
1316,322,crowd,7.215607598755275
1150,323,crumbi,7.215607598755275
3,324,crust,7.215607598755275
1557,325,crusti,7.215607598755275
909,326,crystal,4.689878954447019
421,327,cuisin,7.215607598755275
478,328,curri,7.215607598755275
215,329,custom,7.215607598755275
513,330,cut,6.52246041819533
82,331,cute,6.810142490647111
1058,332,daili,7.215607598755275
23,333,damn,7.215607598755275
709,334,dark,7.215607598755275
659,335,date,6.29931686688112
555,336,daughter,7.215607598755275
499,337,day,6.116995310087166
1196,338,dead,6.116995310087166
122,339,deal,7.215607598755275
121,340,decent,6.52246041819533
570,341,decid,7.215607598755275
695,342,decis,7.215607598755275
489,343,decor,7.215607598755275
752,344,dedic,7.215607598755275
1418,345,deep,7.215607598755275
1132,346,deepli,7.215607598755275
902,347,def,7.215607598755275
1324,348,defin,6.810142490647111
257,349,definit,6.810142490647111
1491,350,degre,7.215607598755275
1532,351,del,7.215607598755275
1391,352,delic,7.215607598755275
256,353,delici,7.215607598755275
836,354,delicioso,6.810142490647111
153,355,delight,7.215607598755275
456,356,delish,7.215607598755275
1205,357,deliv,5.4238481295272205
1085,358,deliveri,7.215607598755275
1498,359,denni,5.829313237635384
1351,360,describ,5.200704578213011
689,361,descript,6.52246041819533
875,362,deserv,7.215607598755275
559,363,desir,6.52246041819533
871,364,despic,7.215607598755275
1175,365,despit,6.29931686688112
184,366,dessert,7.215607598755275
1526,367,deuchebaggeri,6.52246041819533
1373,368,devin,7.215607598755275
344,369,die,7.215607598755275
512,370,differ,6.810142490647111
787,371,dime,7.215607598755275
349,372,dine,4.91302250576123
893,373,dinner,7.215607598755275
1514,374,dip,7.215607598755275
574,375,dirt,7.215607598755275
830,376,dirti,7.215607598755275
766,377,disagre,7.215607598755275
348,378,disappoint,6.810142490647111
1539,379,disapppoint,6.810142490647111
331,380,disast,6.810142490647111
1402,381,disbelief,7.215607598755275
261,382,discount,5.6061696863211745
901,383,disgrac,7.215607598755275
60,384,disgust,6.810142490647111
296,385,dish,7.215607598755275
921,386,dispens,7.215607598755275
606,387,disrespect,6.810142490647111
528,388,divers,6.810142490647111
263,389,do,7.215607598755275
597,390,dog,7.215607598755275
978,391,dollar,7.215607598755275
484,392,done,7.215607598755275
1045,393,dont,7.215607598755275
1110,394,donut,4.353406717825807
862,395,door,7.215607598755275
675,396,doubl,5.962844630259907
813,397,doubt,5.018383021419056
1516,398,douchey,5.269697449699962
1267,399,dough,5.6061696863211745
1437,400,doughi,5.962844630259907
1499,401,downright,7.215607598755275
811,402,downsid,7.215607598755275
225,403,downtown,6.810142490647111
159,404,drag,6.52246041819533
1191,405,drastic,6.810142490647111
1564,406,draw,6.29931686688112
610,407,dream,7.215607598755275
1238,408,drench,6.810142490647111
193,409,dress,7.215607598755275
1136,410,dri,7.215607598755275
997,411,driest,7.215607598755275
278,412,drink,7.215607598755275
1255,413,drip,7.215607598755275
607,414,drive,7.215607598755275
879,415,drop,7.215607598755275
672,416,drunk,6.810142490647111
198,417,duck,7.215607598755275
1436,418,dude,7.215607598755275
1016,419,due,5.962844630259907
1216,420,duo,6.29931686688112
1143,421,dust,7.215607598755275
1275,422,dylan,6.29931686688112
1354,423,easili,5.711530201979001
168,424,eat,6.52246041819533
418,425,eaten,7.215607598755275
1226,426,eclect,6.52246041819533
1479,427,ed,7.215607598755275
1202,428,edibl,5.962844630259907
1286,429,edinburgh,7.215607598755275
1427,430,edit,6.116995310087166
691,431,eel,7.215607598755275
1125,432,eew,6.52246041819533
1133,433,effici,6.810142490647111
715,434,effort,7.215607598755275
591,435,egg,6.810142490647111
886,436,eggplant,7.215607598755275
657,437,either,7.215607598755275
883,438,elegantli,6.116995310087166
1269,439,elk,7.215607598755275
866,440,els,6.810142490647111
136,441,elsewher,7.215607598755275
1347,442,email,6.810142490647111
1374,443,employe,6.52246041819533
475,444,empti,4.864232341591798
50,445,end,7.215607598755275
793,446,english,6.52246041819533
218,447,enjoy,7.215607598755275
158,448,enough,6.52246041819533
1522,449,ensu,6.52246041819533
855,450,enthusiast,7.215607598755275
1489,451,entir,7.215607598755275
1098,452,entre,7.215607598755275
852,453,equal,5.075541435259004
823,454,especi,5.4238481295272205
160,455,establish,6.116995310087166
1001,456,etc,7.215607598755275
903,457,ethic,7.215607598755275
1486,458,eve,7.215607598755275
465,459,even,7.215607598755275
686,460,event,6.116995310087166
47,461,ever,7.215607598755275
148,462,everi,7.215607598755275
328,463,everyon,6.810142490647111
345,464,everyth,7.215607598755275
953,465,everywher,7.215607598755275
1032,466,exactli,6.810142490647111
292,467,excalibur,7.215607598755275
608,468,exceed,3.7343675094195836
451,469,excel,7.215607598755275
814,470,except,7.215607598755275
229,471,excus,5.51085950651685
1157,472,expand,7.215607598755275
281,473,expect,7.215607598755275
1088,474,expens,7.215607598755275
350,475,experi,7.215607598755275
311,476,experienc,7.215607598755275
961,477,expert,6.52246041819533
735,478,exquisit,6.29931686688112
1301,479,extens,7.215607598755275
375,480,extra,6.810142490647111
1040,481,extraordinari,6.810142490647111
472,482,extrem,7.215607598755275
698,483,eye,6.810142490647111
1310,484,fabul,7.215607598755275
467,485,fact,7.215607598755275
1204,486,fail,6.810142490647111
1393,487,fair,7.215607598755275
1161,488,fairli,7.215607598755275
1221,489,falafel,7.215607598755275
679,490,fall,7.215607598755275
927,491,famili,7.215607598755275
132,492,familiar,6.810142490647111
1263,493,famou,7.215607598755275
1134,494,fan,7.215607598755275
1328,495,fanci,6.810142490647111
369,496,fantast,6.810142490647111
739,497,far,6.810142490647111
807,498,fare,7.215607598755275
727,499,fast,7.215607598755275
976,500,fat,7.215607598755275
1471,501,fav,6.52246041819533
134,502,favor,7.215607598755275
816,503,favorit,7.215607598755275
169,504,fear,7.215607598755275
146,505,feel,7.215607598755275
1371,506,fell,7.215607598755275
1411,507,fella,7.215607598755275
767,508,fellow,7.215607598755275
605,509,felt,7.215607598755275
497,510,fianc,5.829313237635384
801,511,figur,7.215607598755275
650,512,filet,6.810142490647111
1057,513,fill,7.215607598755275
1242,514,fillet,6.52246041819533
123,515,final,7.215607598755275
870,516,find,6.810142490647111
424,517,fine,4.576550269140016
1078,518,finger,6.52246041819533
276,519,finish,7.215607598755275
1538,520,firebal,6.29931686688112
191,521,firehous,6.52246041819533
150,522,first,6.810142490647111
273,523,fish,6.810142490647111
505,524,five,5.13616605707544
1336,525,flair,6.810142490647111
227,526,flat,6.810142490647111
515,527,flavor,6.52246041819533
1350,528,flavorless,7.215607598755275
701,529,flavour,6.52246041819533
1279,530,fli,7.215607598755275
354,531,flirt,7.215607598755275
1549,532,flop,7.215607598755275
1025,533,flower,7.215607598755275
1068,534,fluffi,7.215607598755275
1146,535,fo,7.215607598755275
1184,536,focus,6.116995310087166
662,537,folk,7.215607598755275
1494,538,fondu,5.6061696863211745
79,539,food,7.215607598755275
615,540,foot,7.215607598755275
1496,541,forev,6.29931686688112
1018,542,forget,7.215607598755275
1123,543,forth,7.215607598755275
504,544,forti,7.215607598755275
359,545,forward,7.215607598755275
125,546,found,7.215607598755275
1187,547,four,5.6061696863211745
936,548,francisco,7.215607598755275
1166,549,freak,7.215607598755275
519,550,free,6.810142490647111
704,551,freez,7.215607598755275
1095,552,frenchman,7.215607598755275
27,553,fresh,4.689878954447019
38,554,fri,6.810142490647111
603,555,friday,7.215607598755275
630,556,friend,7.215607598755275
102,557,friendli,6.810142490647111
899,558,front,7.215607598755275
176,559,frozen,7.215607598755275
1380,560,fruit,7.215607598755275
939,561,frustrat,6.116995310087166
980,562,fs,7.215607598755275
1397,563,fuck,7.215607598755275
531,564,full,7.215607598755275
673,565,fun,7.215607598755275
1063,566,funni,7.215607598755275
957,567,furthermor,7.215607598755275
1309,568,fuzzi,6.52246041819533
1048,569,ga,6.810142490647111
1223,570,ganoush,7.215607598755275
1518,571,garden,7.215607598755275
371,572,garlic,7.215607598755275
775,573,gave,7.215607598755275
1099,574,gc,5.962844630259907
1232,575,gem,6.116995310087166
187,576,gener,7.215607598755275
854,577,genuin,7.215607598755275
20,578,get,7.215607598755275
1141,579,giant,5.711530201979001
1341,580,girlfriend,7.215607598755275
259,581,give,7.215607598755275
626,582,given,6.52246041819533
258,583,glad,7.215607598755275
1077,584,glanc,7.215607598755275
1502,585,glass,5.711530201979001
1417,586,glove,5.829313237635384
518,587,gluten,7.215607598755275
43,588,go,6.810142490647111
758,589,goat,6.116995310087166
728,590,godfath,7.215607598755275
619,591,gold,7.215607598755275
1370,592,golden,5.829313237635384
1080,593,gone,7.215607598755275
4,594,good,7.215607598755275
1230,595,googl,7.215607598755275
993,596,gooodd,6.52246041819533
857,597,gordon,7.215607598755275
268,598,got,6.810142490647111
1535,599,gotten,5.829313237635384
938,600,gourmet,6.52246041819533
130,601,grab,7.215607598755275
1065,602,grain,7.215607598755275
1185,603,grandmoth,7.215607598755275
716,604,gratitud,7.215607598755275
1277,605,gratuiti,7.215607598755275
321,606,greas,7.215607598755275
1081,607,greasi,7.215607598755275
18,608,great,7.215607598755275
1197,609,greatest,7.215607598755275
785,610,greedi,3.9967317738870745
192,611,greek,6.810142490647111
887,612,green,4.96431580014878
500,613,greet,7.215607598755275
224,614,grill,6.810142490647111
264,615,gringo,6.810142490647111
975,616,gristl,7.215607598755275
1433,617,groceri,6.810142490647111
165,618,gross,5.962844630259907
950,619,ground,7.215607598755275
1000,620,group,6.810142490647111
1306,621,grow,5.4238481295272205
1477,622,guacamol,7.215607598755275
290,623,guess,6.52246041819533
1128,624,guest,7.215607598755275
425,625,guy,6.116995310087166
592,626,gyro,7.215607598755275
1548,627,ha,6.52246041819533
64,628,hair,7.215607598755275
1180,629,half,7.215607598755275
895,630,halibut,7.215607598755275
1533,631,hamburg,7.215607598755275
1282,632,han,6.52246041819533
532,633,hand,7.215607598755275
868,634,handl,7.215607598755275
255,635,handmad,7.215607598755275
1122,636,hanker,7.215607598755275
897,637,happen,7.215607598755275
810,638,happi,5.51085950651685
127,639,happier,6.52246041819533
161,640,hard,6.52246041819533
694,641,hardest,7.215607598755275
1432,642,hardli,7.215607598755275
765,643,hate,7.215607598755275
565,644,haunt,6.29931686688112
1247,645,hawaiian,5.51085950651685
1399,646,head,7.215607598755275
576,647,healthi,6.29931686688112
270,648,heard,6.810142490647111
222,649,heart,7.215607598755275
1409,650,heat,6.52246041819533
1540,651,heimer,6.52246041819533
1366,652,held,7.215607598755275
1534,653,hell,6.810142490647111
538,654,hella,7.215607598755275
1106,655,hello,6.810142490647111
378,656,help,4.474767574830074
1364,657,herea,6.29931686688112
892,658,hi,6.52246041819533
796,659,high,6.810142490647111
69,660,highli,5.962844630259907
509,661,highlight,5.711530201979001
1484,662,hilari,7.215607598755275
561,663,hip,7.215607598755275
152,664,hiro,6.810142490647111
431,665,hit,7.215607598755275
97,666,hole,7.215607598755275
12,667,holiday,7.215607598755275
588,668,home,3.765620052923688
1073,669,homemad,6.810142490647111
25,670,honeslti,6.52246041819533
400,671,honest,7.215607598755275
696,672,honestli,5.962844630259907
826,673,honor,5.6061696863211745
1270,674,hook,7.215607598755275
609,675,hope,7.215607598755275
212,676,horribl,7.215607598755275
1257,677,hospit,7.215607598755275
434,678,host,7.215607598755275
1186,679,hostess,6.52246041819533
585,680,hot,7.215607598755275
355,681,hottest,6.116995310087166
105,682,hour,6.29931686688112
797,683,hous,5.6061696863211745
1114,684,howev,6.29931686688112
1412,685,huevo,6.810142490647111
219,686,huge,7.215607598755275
63,687,human,7.215607598755275
1051,688,humili,7.215607598755275
195,689,hummu,7.215607598755275
1333,690,hunan,7.215607598755275
941,691,hungri,7.215607598755275
1507,692,hurri,7.215607598755275
207,693,husband,7.215607598755275
827,694,hut,6.810142490647111
922,695,ian,7.215607598755275
580,696,ice,7.215607598755275
1361,697,idea,6.116995310087166
496,698,ignor,5.343805421853684
1012,699,im,7.215607598755275
221,700,imagin,7.215607598755275
527,701,immedi,5.018383021419056
928,702,impecc,7.215607598755275
526,703,impress,6.810142490647111
1438,704,inch,5.711530201979001
277,705,includ,7.215607598755275
891,706,inconsider,6.810142490647111
581,707,incred,5.51085950651685
420,708,indian,7.215607598755275
67,709,indic,6.810142490647111
1517,710,indoor,5.269697449699962
1258,711,industri,7.215607598755275
141,712,inexpens,7.215607598755275
1304,713,inflat,7.215607598755275
1200,714,inform,6.52246041819533
542,715,ingredi,7.215607598755275
1199,716,insan,5.6061696863211745
201,717,insid,7.215607598755275
558,718,inspir,6.810142490647111
1560,719,instantli,7.215607598755275
1153,720,instead,7.215607598755275
604,721,insult,7.215607598755275
582,722,interest,6.810142490647111
84,723,interior,6.116995310087166
613,724,invit,6.810142490647111
750,725,ironman,7.215607598755275
1211,726,italian,7.215607598755275
1079,727,item,7.215607598755275
1320,728,jalapeno,6.52246041819533
634,729,jamaican,6.810142490647111
1435,730,japanes,7.215607598755275
279,731,jeff,7.215607598755275
755,732,jenni,7.215607598755275
964,733,jerk,5.711530201979001
1030,734,jewel,7.215607598755275
751,735,job,6.29931686688112
595,736,joey,7.215607598755275
1344,737,join,5.829313237635384
511,738,joint,7.215607598755275
802,739,joke,4.38239425469906
917,740,joy,7.215607598755275
162,741,judg,5.51085950651685
1281,742,juic,7.215607598755275
1357,743,juri,6.810142490647111
1394,744,kabuki,6.29931686688112
36,745,kept,7.215607598755275
1327,746,key,7.215607598755275
548,747,khao,7.215607598755275
923,748,kid,6.810142490647111
925,749,kiddo,7.215607598755275
1449,750,killer,6.52246041819533
408,751,kind,7.215607598755275
628,752,kitchen,6.810142490647111
415,753,know,7.215607598755275
291,754,known,7.215607598755275
1031,755,la,7.215607598755275
435,756,lack,6.116995310087166
364,757,ladi,7.215607598755275
347,758,larg,7.215607598755275
1278,759,larger,7.215607598755275
614,760,last,6.29931686688112
1375,761,lastli,7.215607598755275
9,762,late,7.215607598755275
769,763,later,7.215607598755275
1451,764,latt,7.215607598755275
1363,765,law,7.215607598755275
1358,766,lawyer,6.810142490647111
972,767,lb,6.810142490647111
244,768,least,7.215607598755275
1323,769,leather,6.810142490647111
441,770,leav,6.29931686688112
208,771,left,7.215607598755275
524,772,leftov,7.215607598755275
1037,773,leg,6.52246041819533
1213,774,legit,5.018383021419056
578,775,lemon,4.612917913310891
83,776,less,3.7978809151419095
74,777,let,6.116995310087166
1022,778,letdown,7.215607598755275
1071,779,lettuc,7.215607598755275
1313,780,level,7.215607598755275
861,781,life,7.215607598755275
708,782,light,6.810142490647111
806,783,lighter,7.215607598755275
1142,784,lightli,7.215607598755275
29,785,like,6.52246041819533
1308,786,lil,6.810142490647111
1034,787,limit,7.215607598755275
228,788,line,7.215607598755275
546,789,list,5.829313237635384
544,790,liter,7.215607598755275
71,791,littl,7.215607598755275
602,792,live,7.215607598755275
645,793,lobster,7.215607598755275
772,794,locat,7.215607598755275
1046,795,long,5.962844630259907
1262,796,longer,6.29931686688112
135,797,look,5.4238481295272205
547,798,lordi,7.215607598755275
1495,799,lost,6.52246041819533
138,800,lot,7.215607598755275
804,801,loudli,6.810142490647111
1,802,love,7.215607598755275
399,803,lover,7.215607598755275
1326,804,low,6.52246041819533
463,805,lox,6.29931686688112
1461,806,loyal,7.215607598755275
1182,807,luck,7.215607598755275
108,808,luke,6.116995310087166
873,809,lukewarm,7.215607598755275
304,810,lunch,6.52246041819533
760,811,mac,5.962844630259907
1198,812,macaron,6.29931686688112
33,813,made,7.215607598755275
1194,814,madhous,7.215607598755275
749,815,madison,7.215607598755275
600,816,magazin,7.215607598755275
1250,817,magic,7.215607598755275
667,818,main,7.215607598755275
562,819,maintain,7.215607598755275
664,820,make,7.215607598755275
911,821,mall,5.4238481295272205
1086,822,man,6.810142490647111
416,823,manag,7.215607598755275
502,824,mandalay,6.810142490647111
1249,825,mango,7.215607598755275
473,826,mani,5.6061696863211745
1019,827,margarita,6.810142490647111
380,828,mari,7.215607598755275
1395,829,maria,7.215607598755275
1339,830,market,7.215607598755275
373,831,marrow,5.829313237635384
1096,832,martini,7.215607598755275
452,833,massiv,6.810142490647111
10,834,may,6.52246041819533
1113,835,mayb,6.29931686688112
693,836,mayo,6.29931686688112
376,837,meal,6.29931686688112
1179,838,mean,7.215607598755275
340,839,meat,6.810142490647111
1442,840,meatbal,7.215607598755275
453,841,meatloaf,6.52246041819533
448,842,mediocr,5.343805421853684
1455,843,mediterranean,7.215607598755275
1445,844,medium,6.29931686688112
468,845,meet,7.215607598755275
284,846,meh,7.215607598755275
211,847,mein,7.215607598755275
1458,848,mellow,7.215607598755275
166,849,melt,7.215607598755275
918,850,memori,7.215607598755275
982,851,mention,6.52246041819533
17,852,menu,7.215607598755275
991,853,mesquit,7.215607598755275
409,854,mess,6.29931686688112
534,855,metro,7.215607598755275
99,856,mexican,6.810142490647111
1224,857,mgm,7.215607598755275
1318,858,mid,7.215607598755275
498,859,middl,6.810142490647111
1083,860,might,6.52246041819533
1553,861,mile,7.215607598755275
260,862,militari,6.810142490647111
289,863,milk,5.51085950651685
286,864,milkshak,6.52246041819533
285,865,min,7.215607598755275
642,866,mind,7.215607598755275
250,867,minut,7.215607598755275
1555,868,mirag,6.116995310087166
550,869,miss,7.215607598755275
960,870,mistak,6.116995310087166
616,871,mix,7.215607598755275
59,872,mmmm,5.51085950651685
560,873,modern,7.215607598755275
157,874,moist,6.810142490647111
635,875,mojito,7.215607598755275
824,876,mom,7.215607598755275
700,877,money,6.29931686688112
1062,878,monster,4.773260563386071
815,879,month,7.215607598755275
711,880,mood,7.215607598755275
1253,881,mortifi,7.215607598755275
1256,882,mostli,6.52246041819533
352,883,mouth,7.215607598755275
1547,884,movi,6.52246041819533
482,885,moz,6.116995310087166
1376,886,mozzarella,6.116995310087166
230,887,much,7.215607598755275
794,888,muffin,6.116995310087166
1064,889,multi,7.215607598755275
849,890,multipl,6.29931686688112
617,891,mushroom,7.215607598755275
392,892,music,5.962844630259907
384,893,mussel,6.29931686688112
522,894,must,5.018383021419056
1289,895,naan,7.215607598755275
1355,896,nacho,7.215607598755275
1054,897,name,5.6061696863211745
1283,898,nan,6.810142490647111
1002,899,nargil,7.215607598755275
7,900,nasti,7.215607598755275
914,901,nay,5.4238481295272205
1033,902,nearli,7.215607598755275
1505,903,neat,7.215607598755275
651,904,need,7.215607598755275
1254,905,needless,7.215607598755275
1377,906,neglig,7.215607598755275
770,907,neighborhood,6.116995310087166
1521,908,neither,7.215607598755275
93,909,never,5.6061696863211745
1014,910,new,7.215607598755275
394,911,next,7.215607598755275
202,912,nice,7.215607598755275
967,913,nicest,5.962844630259907
433,914,night,7.215607598755275
510,915,nigiri,7.215607598755275
1561,916,ninja,7.215607598755275
1229,917,nobu,6.810142490647111
1070,918,noca,6.810142490647111
1183,919,non,6.52246041819533
654,920,none,7.215607598755275
781,921,noodl,6.810142490647111
1163,922,north,7.215607598755275
172,923,note,7.215607598755275
287,924,noth,7.215607598755275
643,925,nude,6.52246041819533
438,926,number,7.215607598755275
1291,927,nut,7.215607598755275
1337,928,nutshel,6.810142490647111
459,929,nyc,4.817712325956904
1546,930,obvious,7.215607598755275
1444,931,occas,7.215607598755275
1463,932,occasion,7.215607598755275
863,933,offer,7.215607598755275
1382,934,offici,5.269697449699962
338,935,oh,7.215607598755275
91,936,ohhh,7.215607598755275
1419,937,oil,7.215607598755275
1169,938,ok,7.215607598755275
320,939,old,7.215607598755275
1317,940,older,7.215607598755275
1138,941,oliv,7.215607598755275
343,942,omelet,6.116995310087166
835,943,omg,6.52246041819533
217,944,one,7.215607598755275
1227,945,onion,7.215607598755275
1300,946,open,5.200704578213011
958,947,oper,7.215607598755275
1097,948,opinion,7.215607598755275
308,949,opportun,7.215607598755275
1386,950,oppos,7.215607598755275
924,951,option,5.829313237635384
197,952,order,7.215607598755275
590,953,origin,7.215607598755275
323,954,other,7.215607598755275
1408,955,otherwis,5.711530201979001
663,956,otto,6.810142490647111
791,957,outdoor,5.51085950651685
353,958,outrag,4.689878954447019
894,959,outshin,5.829313237635384
204,960,outsid,7.215607598755275
757,961,outstand,6.29931686688112
889,962,outta,7.215607598755275
847,963,oven,7.215607598755275
137,964,overal,7.215607598755275
568,965,overcook,7.215607598755275
1126,966,overhaul,7.215607598755275
52,967,overpr,5.962844630259907
114,968,overwhelm,6.52246041819533
1542,969,own,6.810142490647111
717,970,owner,5.829313237635384
1400,971,oyster,6.52246041819533
492,972,pace,6.810142490647111
1089,973,pack,7.215607598755275
1006,974,paid,5.343805421853684
333,975,palat,6.29931686688112
1151,976,pale,5.6061696863211745
1120,977,palm,7.215607598755275
327,978,pan,7.215607598755275
853,979,pancak,7.215607598755275
1235,980,panna,7.215607598755275
1167,981,paper,7.215607598755275
714,982,par,7.215607598755275
1259,983,paradis,7.215607598755275
721,984,parent,6.29931686688112
890,985,part,6.810142490647111
314,986,parti,6.29931686688112
1115,987,particular,4.96431580014878
402,988,pass,7.215607598755275
907,989,past,6.810142490647111
233,990,pasta,7.215607598755275
1011,991,pastri,6.29931686688112
1464,992,pat,6.810142490647111
756,993,patio,5.829313237635384
1462,994,patron,7.215607598755275
678,995,patti,7.215607598755275
495,996,pay,7.215607598755275
1390,997,pe,7.215607598755275
819,998,pea,7.215607598755275
1381,999,peach,6.29931686688112
726,1000,peanut,6.810142490647111
984,1001,pear,7.215607598755275
1067,1002,pecan,5.6061696863211745
449,1003,penn,7.215607598755275
178,1004,peopl,7.215607598755275
652,1005,pepper,7.215607598755275
926,1006,perfect,7.215607598755275
239,1007,perfectli,7.215607598755275
86,1008,perform,6.810142490647111
556,1009,perhap,5.6061696863211745
1139,1010,perpar,4.576550269140016
316,1011,person,7.215607598755275
242,1012,petrifi,6.810142490647111
940,1013,petti,7.215607598755275
442,1014,phenomen,7.215607598755275
1159,1015,philadelphia,6.52246041819533
24,1016,pho,4.576550269140016
533,1017,phoenix,6.810142490647111
1239,1018,piano,6.810142490647111
681,1019,pictur,7.215607598755275
514,1020,piec,7.215607598755275
954,1021,pile,6.810142490647111
1290,1022,pine,7.215607598755275
1251,1023,pineappl,7.215607598755275
200,1024,pink,6.810142490647111
1368,1025,pissd,7.215607598755275
194,1026,pita,6.810142490647111
725,1027,pizza,7.215607598755275
2,1028,place,7.215607598755275
832,1029,plain,7.215607598755275
1233,1030,plantain,5.51085950651685
1385,1031,plastic,6.810142490647111
1244,1032,plate,7.215607598755275
1207,1033,plater,7.215607598755275
746,1034,platter,7.215607598755275
393,1035,play,6.810142490647111
777,1036,pleas,6.29931686688112
825,1037,pleasant,7.215607598755275
1420,1038,pleasur,7.215607598755275
1421,1039,plethora,7.215607598755275
736,1040,plu,7.215607598755275
919,1041,pneumat,6.810142490647111
706,1042,point,7.215607598755275
1481,1043,poison,6.52246041819533
1406,1044,polit,7.215607598755275
956,1045,poop,7.215607598755275
144,1046,poor,7.215607598755275
1209,1047,poorli,7.215607598755275
934,1048,pop,7.215607598755275
446,1049,pork,7.215607598755275
143,1050,portion,7.215607598755275
171,1051,posit,7.215607598755275
688,1052,possibl,7.215607598755275
1480,1053,postino,7.215607598755275
28,1054,potato,5.829313237635384
1562,1055,pour,7.215607598755275
1144,1056,powder,7.215607598755275
237,1057,power,6.810142490647111
989,1058,prefer,7.215607598755275
419,1059,prepar,7.215607598755275
1140,1060,present,5.829313237635384
61,1061,pretti,6.52246041819533
19,1062,price,7.215607598755275
1415,1063,pricey,7.215607598755275
182,1064,prime,7.215607598755275
718,1065,privileg,7.215607598755275
1265,1066,pro,7.215607598755275
573,1067,probabl,6.29931686688112
1550,1068,problem,6.116995310087166
742,1069,proclaim,7.215607598755275
948,1070,profession,7.215607598755275
1009,1071,profiterol,7.215607598755275
1525,1072,profound,7.215607598755275
1203,1073,promis,6.29931686688112
41,1074,prompt,6.52246041819533
1193,1075,promptli,7.215607598755275
1474,1076,properli,7.215607598755275
1195,1077,proven,7.215607598755275
175,1078,provid,5.343805421853684
133,1079,pub,7.215607598755275
808,1080,public,7.215607598755275
803,1081,publicli,6.52246041819533
177,1082,puck,6.810142490647111
773,1083,pull,7.215607598755275
1066,1084,pumpkin,7.215607598755275
1478,1085,pur,7.215607598755275
620,1086,pure,6.52246041819533
1384,1087,put,7.215607598755275
1272,1088,quaint,7.215607598755275
1403,1089,qualifi,6.52246041819533
140,1090,qualiti,7.215607598755275
577,1091,quantiti,7.215607598755275
129,1092,quick,5.6061696863211745
366,1093,quickli,5.711530201979001
297,1094,quit,5.075541435259004
858,1095,ramsey,6.810142490647111
1513,1096,ranch,7.215607598755275
1413,1097,ranchero,5.962844630259907
1307,1098,rapidli,7.215607598755275
199,1099,rare,6.810142490647111
579,1100,raspberri,7.215607598755275
776,1101,rate,7.215607598755275
1023,1102,rather,7.215607598755275
341,1103,ratio,6.52246041819533
329,1104,rave,5.711530201979001
56,1105,ravoli,7.215607598755275
1264,1106,read,7.215607598755275
599,1107,reader,7.215607598755275
397,1108,real,6.810142490647111
206,1109,realiz,7.215607598755275
282,1110,realli,7.215607598755275
439,1111,reason,7.215607598755275
732,1112,recal,7.215607598755275
251,1113,receiv,6.810142490647111
1109,1114,recent,6.810142490647111
15,1115,recommend,7.215607598755275
88,1116,red,7.215607598755275
139,1117,redeem,7.215607598755275
386,1118,reduct,7.215607598755275
246,1119,refil,7.215607598755275
1260,1120,refrain,7.215607598755275
196,1121,refresh,4.864232341591798
1556,1122,refri,7.215607598755275
1447,1123,refus,7.215607598755275
180,1124,regist,5.200704578213011
947,1125,regular,7.215607598755275
1129,1126,regularli,6.810142490647111
1168,1127,reheat,6.29931686688112
313,1128,relationship,6.810142490647111
998,1129,relax,7.215607598755275
1243,1130,relleno,6.810142490647111
525,1131,reloc,7.215607598755275
1487,1132,rememb,7.215607598755275
933,1133,remind,6.52246041819533
831,1134,replenish,7.215607598755275
1219,1135,request,7.215607598755275
1508,1136,reserv,7.215607598755275
878,1137,rest,7.215607598755275
1338,1138,restaraunt,7.215607598755275
107,1139,restaur,7.215607598755275
444,1140,return,6.52246041819533
440,1141,review,6.52246041819533
1287,1142,revisit,7.215607598755275
1241,1143,rge,6.810142490647111
1492,1144,ri,4.730700948967275
183,1145,rib,5.711530201979001
990,1146,ribey,6.29931686688112
283,1147,rice,6.116995310087166
637,1148,rich,6.810142490647111
13,1149,rick,7.215607598755275
1503,1150,ridicul,6.116995310087166
87,1151,right,6.810142490647111
1228,1152,ring,7.215607598755275
640,1153,rins,5.962844630259907
240,1154,rip,7.215607598755275
649,1155,risotto,6.116995310087166
325,1156,roast,7.215607598755275
356,1157,rock,6.52246041819533
337,1158,roll,5.6061696863211745
1112,1159,room,7.215607598755275
1456,1160,rotat,7.215607598755275
1401,1161,round,6.29931686688112
869,1162,rowdi,6.52246041819533
30,1163,rubber,6.52246041819533
458,1164,rude,7.215607598755275
111,1165,run,5.6061696863211745
966,1166,rush,7.215607598755275
1285,1167,ryan,7.215607598755275
543,1168,sad,7.215607598755275
856,1169,sadli,6.810142490647111
1177,1170,saffron,6.52246041819533
764,1171,saganaki,7.215607598755275
427,1172,said,7.215607598755275
1470,1173,sal,6.29931686688112
95,1174,salad,7.215607598755275
116,1175,salmon,6.52246041819533
1367,1176,salsa,5.962844630259907
271,1177,salt,7.215607598755275
539,1178,salti,3.0965704239428034
1100,1179,sampl,7.215607598755275
935,1180,san,6.52246041819533
190,1181,sandwich,7.215607598755275
1501,1182,sangria,7.215607598755275
117,1183,sashimi,7.215607598755275
566,1184,sat,7.215607598755275
1343,1185,satifi,7.215607598755275
594,1186,satisfi,3.3869662022661804
236,1187,sauc,5.13616605707544
1515,1188,saus,7.215607598755275
1111,1189,save,5.6061696863211745
48,1190,say,6.52246041819533
238,1191,scallop,5.829313237635384
1497,1192,scene,5.075541435259004
1164,1193,scottsdal,5.6061696863211745
1212,1194,scream,5.343805421853684
932,1195,screw,7.215607598755275
231,1196,seafood,6.52246041819533
1422,1197,seal,7.215607598755275
302,1198,season,7.215607598755275
501,1199,seat,7.215607598755275
267,1200,second,4.817712325956904
185,1201,section,6.52246041819533
644,1202,see,7.215607598755275
128,1203,seem,6.810142490647111
822,1204,seen,7.215607598755275
16,1205,select,7.215607598755275
741,1206,self,6.52246041819533
571,1207,send,7.215607598755275
295,1208,sens,7.215607598755275
1245,1209,sergeant,7.215607598755275
469,1210,serious,5.51085950651685
611,1211,serivc,6.810142490647111
368,1212,serv,7.215607598755275
173,1213,server,7.215607598755275
40,1214,servic,6.116995310087166
710,1215,set,7.215607598755275
110,1216,sever,6.116995310087166
1340,1217,sewer,6.810142490647111
351,1218,sexi,7.215607598755275
859,1219,shall,7.215607598755275
860,1220,sharpli,7.215607598755275
817,1221,shawarrrrrrma,7.215607598755275
1189,1222,shirt,7.215607598755275
65,1223,shock,6.810142490647111
1322,1224,shoe,7.215607598755275
480,1225,shoot,6.810142490647111
910,1226,shop,6.116995310087166
730,1227,short,7.215607598755275
1537,1228,shot,6.52246041819533
625,1229,show,6.52246041819533
639,1230,shower,7.215607598755275
155,1231,shrimp,7.215607598755275
170,1232,sick,6.52246041819533
164,1233,side,6.810142490647111
66,1234,sign,5.711530201979001
724,1235,silent,7.215607598755275
722,1236,similar,6.52246041819533
1084,1237,similarli,7.215607598755275
1266,1238,simpl,7.215607598755275
929,1239,simpli,7.215607598755275
517,1240,sinc,6.52246041819533
677,1241,singl,7.215607598755275
1160,1242,sit,7.215607598755275
334,1243,six,6.810142490647111
759,1244,skimp,7.215607598755275
1237,1245,slaw,7.215607598755275
1042,1246,slice,6.52246041819533
72,1247,slow,5.962844630259907
636,1248,small,7.215607598755275
1305,1249,smaller,6.810142490647111
1231,1250,smashburg,5.962844630259907
951,1251,smear,6.29931686688112
319,1252,smell,6.810142490647111
1527,1253,smoke,7.215607598755275
1008,1254,smooth,7.215607598755275
1252,1255,smoothi,6.810142490647111
633,1256,soggi,5.962844630259907
549,1257,soi,7.215607598755275
470,1258,solid,7.215607598755275
1528,1259,solidifi,6.116995310087166
1181,1260,somehow,5.6061696863211745
656,1261,someon,5.829313237635384
575,1262,someth,7.215607598755275
1215,1263,somethat,6.116995310087166
1201,1264,somewhat,7.215607598755275
426,1265,son,7.215607598755275
1218,1266,song,7.215607598755275
629,1267,soon,6.52246041819533
774,1268,soooo,6.810142490647111
396,1269,sooooo,6.810142490647111
1165,1270,soooooo,6.29931686688112
944,1271,sore,4.612917913310891
1171,1272,sorri,7.215607598755275
412,1273,sound,5.6061696863211745
1240,1274,soundtrack,5.711530201979001
872,1275,soup,6.810142490647111
1330,1276,sour,6.810142490647111
1005,1277,southwest,6.810142490647111
881,1278,space,7.215607598755275
838,1279,spaghetti,6.52246041819533
666,1280,special,7.215607598755275
1293,1281,speedi,6.52246041819533
1234,1282,spend,6.810142490647111
1314,1283,spice,7.215607598755275
405,1284,spici,7.215607598755275
988,1285,spicier,6.810142490647111
540,1286,spinach,7.215607598755275
685,1287,sport,7.215607598755275
432,1288,spot,7.215607598755275
1520,1289,spotti,7.215607598755275
336,1290,spring,7.215607598755275
648,1291,sprout,6.810142490647111
103,1292,staff,6.29931686688112
508,1293,stale,7.215607598755275
834,1294,standard,6.116995310087166
252,1295,star,5.6061696863211745
1426,1296,start,7.215607598755275
900,1297,starv,6.52246041819533
584,1298,station,7.215607598755275
699,1299,stay,7.215607598755275
410,1300,steak,6.116995310087166
1473,1301,steakhous,7.215607598755275
977,1302,steiner,7.215607598755275
358,1303,step,7.215607598755275
14,1304,steve,6.52246041819533
731,1305,stick,7.215607598755275
49,1306,still,7.215607598755275
762,1307,stink,6.810142490647111
780,1308,stir,7.215607598755275
876,1309,stomach,6.52246041819533
1297,1310,stood,7.215607598755275
8,1311,stop,6.810142490647111
1434,1312,store,7.215607598755275
1107,1313,strang,7.215607598755275
1105,1314,stranger,7.215607598755275
1459,1315,strawberri,4.91302250576123
100,1316,street,7.215607598755275
1509,1317,stretch,7.215607598755275
965,1318,strike,6.810142490647111
232,1319,string,6.810142490647111
445,1320,strip,6.29931686688112
1060,1321,struck,6.810142490647111
248,1322,struggl,7.215607598755275
908,1323,stuf,7.215607598755275
92,1324,stuff,7.215607598755275
147,1325,stupid,7.215607598755275
1334,1326,style,7.215607598755275
167,1327,styrofoam,7.215607598755275
713,1328,sub,7.215607598755275
486,1329,subpar,6.52246041819533
466,1330,subway,7.215607598755275
844,1331,succul,7.215607598755275
154,1332,suck,7.215607598755275
1135,1333,sucker,7.215607598755275
1116,1334,suffer,6.810142490647111
1145,1335,sugar,7.215607598755275
330,1336,sugari,6.810142490647111
476,1337,suggest,6.810142490647111
913,1338,summar,6.810142490647111
346,1339,summari,7.215607598755275
789,1340,summer,6.29931686688112
1092,1341,sun,6.116995310087166
1331,1342,sunday,7.215607598755275
209,1343,sunglass,7.215607598755275
1130,1344,super,7.215607598755275
697,1345,suppos,7.215607598755275
62,1346,sure,5.4238481295272205
1369,1347,surpris,6.810142490647111
398,1348,sushi,7.215607598755275
301,1349,sweet,6.52246041819533
1131,1350,swung,7.215607598755275
106,1351,tabl,6.29931686688112
101,1352,taco,6.116995310087166
332,1353,tailor,7.215607598755275
567,1354,take,7.215607598755275
1388,1355,takeout,6.29931686688112
216,1356,talk,7.215607598755275
734,1357,tap,7.215607598755275
1117,1358,tapa,7.215607598755275
631,1359,tartar,7.215607598755275
26,1360,tast,5.13616605707544
243,1361,tasteless,7.215607598755275
5,1362,tasti,7.215607598755275
1003,1363,tater,7.215607598755275
754,1364,tea,6.810142490647111
1490,1365,teamwork,7.215607598755275
943,1366,teeth,6.810142490647111
32,1367,tell,7.215607598755275
1416,1368,temp,6.810142490647111
850,1369,ten,7.215607598755275
156,1370,tender,6.810142490647111
1352,1371,tepid,5.962844630259907
851,1372,terribl,7.215607598755275
551,1373,terrif,7.215607598755275
6,1374,textur,7.215607598755275
974,1375,th,6.810142490647111
404,1376,thai,7.215607598755275
1274,1377,thank,7.215607598755275
1321,1378,that,7.215607598755275
1124,1379,theft,7.215607598755275
1312,1380,thick,7.215607598755275
1074,1381,thin,7.215607598755275
181,1382,thing,7.215607598755275
245,1383,think,7.215607598755275
1041,1384,thinli,7.215607598755275
778,1385,third,7.215607598755275
1101,1386,thirti,6.29931686688112
1072,1387,thoroughli,7.215607598755275
632,1388,though,7.215607598755275
428,1389,thought,6.52246041819533
1443,1390,three,6.810142490647111
552,1391,thrill,7.215607598755275
1178,1392,thru,7.215607598755275
738,1393,thu,6.810142490647111
493,1394,thumb,7.215607598755275
388,1395,tigerlilli,7.215607598755275
35,1396,time,5.6061696863211745
882,1397,tini,7.215607598755275
363,1398,tip,7.215607598755275
1090,1399,tiramisu,5.269697449699962
792,1400,toast,5.962844630259907
303,1401,today,7.215607598755275
1208,1402,togeth,7.215607598755275
896,1403,told,6.810142490647111
1405,1404,toler,7.215607598755275
1441,1405,tomato,6.810142490647111
1172,1406,tongu,5.962844630259907
1268,1407,tonight,6.810142490647111
104,1408,took,7.215607598755275
483,1409,top,6.810142490647111
963,1410,topic,6.810142490647111
1038,1411,toro,7.215607598755275
1004,1412,tot,5.6061696863211745
113,1413,total,6.810142490647111
39,1414,touch,6.810142490647111
729,1415,tough,7.215607598755275
214,1416,toward,7.215607598755275
381,1417,town,7.215607598755275
952,1418,track,4.541458949328746
1332,1419,tradit,5.829313237635384
1059,1420,tragedi,6.29931686688112
915,1421,transcend,7.215607598755275
322,1422,trap,6.810142490647111
536,1423,treat,6.810142490647111
53,1424,tri,7.215607598755275
1365,1425,tribut,7.215607598755275
1027,1426,trim,5.018383021419056
395,1427,trip,6.52246041819533
1506,1428,trippi,5.075541435259004
1044,1429,truffl,7.215607598755275
829,1430,truli,7.215607598755275
841,1431,tucson,7.215607598755275
1276,1432,tummi,7.215607598755275
457,1433,tuna,7.215607598755275
324,1434,turkey,6.810142490647111
865,1435,turn,6.52246041819533
687,1436,tv,6.810142490647111
740,1437,twice,7.215607598755275
809,1438,two,6.810142490647111
1076,1439,typic,7.215607598755275
660,1440,unbeliev,6.29931686688112
1511,1441,undercook,6.810142490647111
1475,1442,understand,7.215607598755275
312,1443,underwhelm,7.215607598755275
1472,1444,unexperienc,7.215607598755275
521,1445,unfortun,7.215607598755275
1082,1446,unhealthi,7.215607598755275
668,1447,uninspir,6.116995310087166
1430,1448,uniqu,7.215607598755275
641,1449,unless,7.215607598755275
1460,1450,unprofession,6.116995310087166
820,1451,unreal,5.6061696863211745
342,1452,unsatisfi,7.215607598755275
795,1453,untoast,6.29931686688112
1378,1454,unwelcom,7.215607598755275
1552,1455,unwrap,7.215607598755275
265,1456,updat,6.810142490647111
1021,1457,upgrad,7.215607598755275
682,1458,upload,5.711530201979001
205,1459,us,6.29931686688112
293,1460,use,6.810142490647111
885,1461,usual,7.215607598755275
1102,1462,vacant,6.52246041819533
506,1463,vain,6.810142490647111
598,1464,valley,5.018383021419056
299,1465,valu,6.29931686688112
1007,1466,vanilla,6.52246041819533
1342,1467,veal,7.215607598755275
76,1468,vega,7.215607598755275
1148,1469,vegan,7.215607598755275
840,1470,veget,7.215607598755275
554,1471,vegetarian,5.13616605707544
1149,1472,veggi,7.215607598755275
745,1473,veggitarian,6.116995310087166
89,1474,velvet,7.215607598755275
1020,1475,ventil,6.29931686688112
429,1476,ventur,7.215607598755275
999,1477,venu,7.215607598755275
572,1478,verg,6.810142490647111
1404,1479,version,7.215607598755275
1346,1480,via,5.711530201979001
1190,1481,vibe,4.96431580014878
821,1482,vinaigrett,6.810142490647111
1118,1483,vinegrett,7.215607598755275
1217,1484,violinist,7.215607598755275
151,1485,visit,7.215607598755275
450,1486,vodka,7.215607598755275
1543,1487,vomit,5.13616605707544
516,1488,voodoo,6.52246041819533
596,1489,vote,7.215607598755275
1500,1490,waaaaaayyyyyyyyyi,7.215607598755275
1043,1491,wagyu,7.215607598755275
315,1492,wait,6.810142490647111
145,1493,waiter,6.810142490647111
70,1494,waitress,6.29931686688112
318,1495,walk,7.215607598755275
98,1496,wall,7.215607598755275
22,1497,want,6.810142490647111
109,1498,warm,6.810142490647111
37,1499,warmer,7.215607598755275
1453,1500,warn,7.215607598755275
1407,1501,wash,7.215607598755275
307,1502,wast,7.215607598755275
494,1503,watch,6.810142490647111
247,1504,water,7.215607598755275
249,1505,wave,7.215607598755275
275,1506,way,7.215607598755275
51,1507,wayyy,7.215607598755275
1467,1508,weak,7.215607598755275
959,1509,websit,7.215607598755275
1170,1510,wedg,7.215607598755275
981,1511,week,6.52246041819533
474,1512,weekend,7.215607598755275
564,1513,weekli,6.116995310087166
1431,1514,weird,7.215607598755275
665,1515,welcom,5.962844630259907
300,1516,well,7.215607598755275
266,1517,went,6.810142490647111
839,1518,whatsoev,5.51085950651685
1315,1519,whelm,7.215607598755275
669,1520,whenev,6.52246041819533
163,1521,whether,7.215607598755275
621,1522,white,7.215607598755275
1093,1523,whole,6.52246041819533
1302,1524,wide,7.215607598755275
1360,1525,wienerschnitzel,4.817712325956904
370,1526,wife,6.29931686688112
744,1527,wildli,7.215607598755275
385,1528,wine,5.075541435259004
593,1529,wing,6.52246041819533
987,1530,winner,7.215607598755275
1439,1531,wire,7.215607598755275
1158,1532,wish,6.116995310087166
1127,1533,wit,7.215607598755275
812,1534,without,7.215607598755275
220,1535,wonder,7.215607598755275
1311,1536,wonton,6.116995310087166
436,1537,word,6.810142490647111
719,1538,work,7.215607598755275
1052,1539,worker,6.29931686688112
670,1540,world,7.215607598755275
423,1541,worri,7.215607598755275
1050,1542,wors,5.829313237635384
115,1543,worst,7.215607598755275
73,1544,worth,6.52246041819533
42,1545,would,7.215607598755275
1563,1546,wound,6.29931686688112
0,1547,wow,5.6061696863211745
455,1548,wrap,6.29931686688112
779,1549,write,7.215607598755275
748,1550,wrong,6.52246041819533
1536,1551,ya,7.215607598755275
401,1552,yama,7.215607598755275
1483,1553,yay,6.810142490647111
683,1554,yeah,6.29931686688112
335,1555,year,6.810142490647111
1176,1556,yellow,6.810142490647111
1103,1557,yellowtail,7.215607598755275
768,1558,yelper,6.29931686688112
692,1559,yet,7.215607598755275
833,1560,yucki,7.215607598755275
618,1561,yukon,6.29931686688112
690,1562,yum,7.215607598755275
339,1563,yummi,5.6061696863211745
545,1564,zero,7.215607598755275
